Brand,Category,Color,Size,Material,Price
Under Armour,Dress,Green,S,Denim,101
New Balance,Dress,White,XXL,Nylon,164
Reebok,Jacket,White,XL,Wool,58
Nike,T-shirt,Black,XL,Wool,82
New Balance,T-shirt,Blue,XL,Cotton,177
Nike,Sweater,Black,M,Cotton,79
Under Armour,Jacket,Black,XXL,Polyester,38
Adidas,Jeans,Black,XXL,Cotton,118
Puma,Shoes,Red,XL,Cotton,157
Nike,Sweater,White,XL,Silk,68
Adidas,Shoes,Red,M,Polyester,95
New Balance,Dress,Yellow,XS,Silk,150
Puma,Jacket,Green,XL,Nylon,110
New Balance,Sweater,Red,L,Polyester,128
New Balance,Dress,Red,XXL,Polyester,158
Under Armour,Dress,Red,S,Denim,17
Adidas,Jeans,Red,M,Denim,45
Under Armour,Dress,White,XXL,Wool,72
Nike,Shoes,Black,M,Polyester,164
Adidas,Jacket,Black,XS,Denim,103
Reebok,Dress,Yellow,XS,Silk,195
New Balance,Jacket,Black,XL,Wool,71
New Balance,Jacket,Yellow,S,Wool,149
New Balance,Dress,Blue,S,Wool,181
Reebok,Sweater,Red,XXL,Denim,192
Adidas,Shoes,Red,M,Denim,37
Under Armour,Shoes,Black,L,Nylon,104
New Balance,Jacket,Yellow,S,Silk,110
Puma,Jacket,White,M,Denim,168
Puma,Shoes,Blue,L,Silk,189
Reebok,Jacket,Yellow,M,Cotton,23
Under Armour,Dress,Green,XL,Wool,96
Reebok,Dress,Green,M,Cotton,181
Nike,Jeans,Blue,XXL,Denim,171
Reebok,Dress,Red,M,Polyester,191
Puma,Sweater,White,M,Wool,170
Reebok,Shoes,White,S,Nylon,107
Reebok,Jeans,Blue,XS,Denim,183
Under Armour,Jacket,White,M,Cotton,108
Under Armour,Jacket,Green,XXL,Silk,41
New Balance,Sweater,Red,L,Denim,73
New Balance,Sweater,Yellow,S,Wool,59
Reebok,Jacket,Blue,XL,Silk,155
Puma,Shoes,Red,XS,Cotton,157
Adidas,Dress,Blue,S,Denim,79
Puma,Dress,Yellow,XS,Polyester,199
New Balance,Shoes,Blue,XL,Cotton,29
Under Armour,Sweater,White,XS,Nylon,188
New Balance,Dress,Blue,XXL,Polyester,171
Under Armour,Jacket,Blue,M,Silk,16
Puma,Jeans,Blue,L,Denim,108
Nike,Jacket,Green,L,Wool,122
Under Armour,Dress,Blue,S,Polyester,71
Puma,Dress,Black,L,Denim,138
Puma,Jacket,Red,XXL,Wool,158
New Balance,Dress,Yellow,XL,Nylon,39
Puma,Dress,Black,XS,Polyester,44
Nike,Jacket,White,XL,Silk,98
Reebok,T-shirt,Red,XS,Wool,13
Adidas,Dress,Red,XL,Silk,125
Puma,T-shirt,Green,XL,Polyester,27
Puma,Jacket,Green,XL,Denim,89
New Balance,Dress,Black,S,Wool,107
Puma,Shoes,Yellow,XXL,Nylon,50
Reebok,Jacket,White,M,Silk,124
Nike,T-shirt,White,XL,Nylon,171
Puma,Jacket,Green,M,Cotton,143
Reebok,Sweater,White,XL,Cotton,164
Reebok,Sweater,White,XS,Cotton,92
New Balance,Sweater,Green,M,Nylon,182
Puma,Shoes,Black,XS,Denim,58
New Balance,Shoes,Yellow,XL,Wool,79
Adidas,Dress,Red,XS,Cotton,181
Adidas,Dress,Yellow,XXL,Silk,112
Nike,Shoes,Yellow,L,Cotton,40
New Balance,Jacket,Blue,XXL,Denim,113
New Balance,Jeans,Black,XL,Wool,139
Under Armour,T-shirt,Yellow,XXL,Polyester,42
Nike,Sweater,Yellow,M,Silk,63
Under Armour,T-shirt,White,XS,Cotton,95
Nike,Shoes,Green,XXL,Nylon,178
New Balance,T-shirt,Black,M,Polyester,112
New Balance,T-shirt,White,XXL,Cotton,90
Puma,Jeans,Blue,XXL,Silk,129
Under Armour,Jeans,Yellow,L,Wool,51
New Balance,Sweater,Green,XL,Wool,142
Under Armour,Sweater,Black,XXL,Denim,69
Puma,Jacket,White,XS,Wool,14
Reebok,Dress,Black,S,Cotton,20
Puma,Dress,Blue,L,Nylon,138
Under Armour,Jeans,White,XS,Nylon,28
Puma,Sweater,Red,XL,Silk,130
Puma,Shoes,Yellow,XXL,Polyester,117
New Balance,T-shirt,Green,XL,Wool,135
Under Armour,Shoes,Red,XL,Wool,112
Under Armour,Sweater,Yellow,M,Denim,161
Adidas,Dress,Yellow,XS,Denim,98
Reebok,Jeans,Blue,L,Wool,153
Adidas,Sweater,Green,XS,Denim,179
Reebok,Jacket,White,XS,Cotton,72
New Balance,Sweater,Yellow,XS,Denim,141
Adidas,T-shirt,Yellow,XS,Nylon,193
Nike,Shoes,Blue,XL,Nylon,29
Puma,Jeans,Black,S,Silk,19
Under Armour,Jeans,Yellow,S,Nylon,83
Puma,Shoes,Red,XS,Polyester,35
New Balance,Dress,Yellow,L,Wool,158
Puma,T-shirt,White,M,Silk,33
Reebok,T-shirt,Green,S,Nylon,29
Adidas,Shoes,Red,XXL,Cotton,69
Nike,Shoes,Green,L,Cotton,56
Reebok,Sweater,White,M,Silk,191
Puma,Dress,Blue,XS,Wool,106
Nike,Sweater,Red,XXL,Cotton,12
Under Armour,Dress,Green,L,Polyester,190
Under Armour,Jeans,Blue,XL,Denim,30
Adidas,Jeans,Green,XL,Nylon,26
Reebok,Jacket,Yellow,L,Silk,21
Puma,Jacket,Green,M,Silk,84
Adidas,Sweater,White,XXL,Silk,43
New Balance,Jacket,Blue,S,Wool,142
Nike,Sweater,White,XXL,Cotton,14
Nike,Sweater,Red,M,Denim,156
Nike,T-shirt,Green,XXL,Wool,177
Under Armour,Jeans,Yellow,M,Polyester,63
Under Armour,Jeans,Red,M,Nylon,115
Adidas,T-shirt,Red,XL,Nylon,16
Reebok,T-shirt,Black,XXL,Polyester,17
Adidas,Jeans,Blue,XS,Polyester,93
Under Armour,Jacket,Blue,L,Denim,143
Nike,T-shirt,White,XL,Denim,110
Puma,Jeans,Blue,M,Polyester,106
Reebok,Jacket,Green,L,Denim,44
Puma,Jeans,Black,L,Polyester,176
Adidas,Jeans,Black,S,Nylon,10
New Balance,Sweater,Black,L,Nylon,142
Puma,Jeans,Red,XXL,Cotton,137
Under Armour,Dress,Yellow,XS,Nylon,139
Adidas,Jeans,White,XXL,Nylon,89
Reebok,T-shirt,Yellow,XXL,Silk,138
Adidas,T-shirt,Black,XS,Wool,193
New Balance,Sweater,Green,S,Cotton,83
Adidas,Jeans,Yellow,XS,Denim,58
New Balance,T-shirt,Black,L,Silk,130
Reebok,Sweater,Green,XXL,Silk,154
Reebok,Sweater,Green,S,Cotton,173
New Balance,T-shirt,Blue,XS,Cotton,124
Nike,Shoes,White,S,Wool,45
Adidas,Sweater,White,XXL,Polyester,126
Under Armour,T-shirt,Blue,XL,Nylon,159
Under Armour,Jeans,Blue,M,Polyester,146
Adidas,Sweater,Black,L,Wool,34
Reebok,Dress,Red,XL,Wool,149
Reebok,Shoes,Green,XXL,Wool,40
New Balance,T-shirt,White,L,Polyester,133
Adidas,Shoes,Black,XXL,Silk,122
Under Armour,Shoes,Yellow,XS,Denim,49
Reebok,T-shirt,Blue,XXL,Cotton,56
Adidas,Shoes,Green,XXL,Cotton,130
Under Armour,Jacket,Blue,XS,Cotton,194
Under Armour,Shoes,Red,S,Nylon,76
Reebok,Jeans,Red,XXL,Denim,82
Nike,Jacket,Blue,S,Polyester,129
New Balance,Shoes,Red,S,Nylon,175
Nike,Shoes,Yellow,M,Silk,102
Adidas,Sweater,Black,XS,Cotton,99
Nike,Jeans,Red,M,Denim,12
Nike,Sweater,Black,L,Silk,191
Adidas,Jeans,Yellow,S,Cotton,102
New Balance,Shoes,Green,L,Cotton,160
Nike,Jacket,Black,S,Silk,32
Under Armour,Jacket,Black,L,Nylon,123
Reebok,Dress,Blue,XS,Denim,108
Puma,Dress,Black,XL,Nylon,159
Puma,T-shirt,Green,L,Cotton,123
Puma,Sweater,Red,XXL,Wool,93
Reebok,T-shirt,Yellow,XL,Nylon,13
Nike,Jeans,Blue,M,Nylon,183
Nike,Jeans,Black,XS,Silk,11
Nike,Shoes,White,XXL,Wool,141
Reebok,Jeans,Blue,M,Denim,144
Under Armour,Dress,Red,XXL,Silk,135
Puma,Shoes,Blue,XXL,Silk,84
Adidas,T-shirt,Blue,XS,Polyester,146
Puma,T-shirt,Blue,L,Denim,47
New Balance,Shoes,Yellow,M,Wool,46
Adidas,Jeans,Black,XS,Cotton,42
Reebok,T-shirt,Red,S,Denim,71
Under Armour,T-shirt,Green,M,Polyester,70
Reebok,Jeans,Red,XL,Cotton,110
Under Armour,T-shirt,Yellow,XS,Silk,50
Reebok,Shoes,Yellow,XXL,Polyester,86
Reebok,Dress,Blue,M,Cotton,84
New Balance,T-shirt,Red,XXL,Nylon,131
New Balance,Jacket,Yellow,XS,Silk,121
Under Armour,Jacket,Black,L,Denim,131
Puma,Sweater,Red,M,Denim,104
Nike,Jeans,Blue,L,Polyester,28
Puma,Dress,Black,XXL,Polyester,194
Puma,Shoes,White,L,Nylon,180
Reebok,Sweater,Yellow,S,Denim,187
Nike,Dress,White,S,Cotton,133
New Balance,T-shirt,Green,L,Polyester,22
Under Armour,Dress,Green,L,Denim,129
Nike,T-shirt,Yellow,XL,Polyester,115
Nike,Jacket,Black,L,Wool,124
Reebok,Sweater,Yellow,S,Polyester,122
Under Armour,Jeans,White,XS,Cotton,122
Under Armour,Jeans,Black,XL,Cotton,13
Puma,Sweater,Red,L,Polyester,53
Under Armour,Dress,Black,S,Cotton,45
Reebok,T-shirt,Black,XXL,Silk,114
Adidas,Dress,Red,XS,Wool,117
Nike,Sweater,Green,L,Nylon,86
Nike,Sweater,Red,L,Cotton,100
New Balance,Jeans,White,L,Silk,174
New Balance,Sweater,White,L,Denim,197
Under Armour,Shoes,Yellow,XL,Wool,161
Adidas,Jacket,Black,S,Polyester,21
Adidas,Dress,White,L,Wool,120
Reebok,Sweater,Black,L,Denim,121
Reebok,T-shirt,White,M,Nylon,30
Adidas,Sweater,Blue,L,Cotton,32
Puma,Shoes,Black,XL,Wool,174
Adidas,Jeans,White,XL,Silk,33
Under Armour,Dress,Red,M,Wool,127
Adidas,T-shirt,White,XXL,Denim,69
New Balance,Shoes,Yellow,XS,Denim,126
Nike,Shoes,Blue,XS,Denim,165
Under Armour,Jacket,Yellow,M,Wool,97
Puma,Dress,Black,XL,Polyester,82
New Balance,Jeans,Black,M,Polyester,48
Under Armour,T-shirt,Green,S,Silk,181
Reebok,Jeans,White,M,Polyester,198
Puma,Shoes,Black,M,Cotton,152
Reebok,T-shirt,Blue,M,Wool,157
Adidas,Shoes,Black,L,Cotton,135
Under Armour,Jacket,Yellow,XL,Nylon,121
Nike,Dress,Blue,S,Denim,128
Nike,Shoes,White,S,Nylon,34
Nike,Shoes,Green,M,Cotton,77
Adidas,Dress,White,L,Denim,194
Nike,Shoes,Green,XL,Cotton,77
New Balance,T-shirt,Yellow,M,Silk,150
Puma,Sweater,Green,M,Silk,101
New Balance,Dress,Green,XL,Silk,141
Under Armour,Jacket,Black,XS,Polyester,64
Under Armour,T-shirt,Red,XXL,Silk,131
Under Armour,Jacket,White,XXL,Nylon,141
Nike,T-shirt,Red,XS,Wool,186
New Balance,Dress,White,XXL,Polyester,57
Under Armour,Jacket,Red,XL,Silk,18
Adidas,T-shirt,Green,M,Polyester,181
Under Armour,Dress,Green,M,Nylon,81
Puma,Jeans,White,L,Polyester,69
Reebok,Sweater,White,XL,Denim,83
Puma,T-shirt,Blue,XXL,Wool,10
Under Armour,Jeans,Yellow,XXL,Silk,119
Adidas,T-shirt,Blue,XS,Polyester,23
Reebok,Jacket,Red,XL,Nylon,19
Under Armour,Sweater,Yellow,L,Wool,94
Reebok,Sweater,Red,S,Silk,114
Nike,Sweater,Yellow,XS,Cotton,79
Under Armour,Sweater,Red,S,Denim,172
Adidas,Shoes,Black,XS,Nylon,24
Reebok,Sweater,Green,XXL,Cotton,150
Adidas,Shoes,Yellow,M,Cotton,161
New Balance,Sweater,Red,S,Wool,61
Under Armour,T-shirt,Blue,XL,Polyester,112
Adidas,Jeans,White,XXL,Nylon,115
Nike,Sweater,Blue,S,Denim,196
Puma,Sweater,Yellow,M,Silk,53
Reebok,T-shirt,Blue,M,Wool,32
Under Armour,Dress,Yellow,L,Silk,141
New Balance,Jacket,Black,S,Nylon,168
Adidas,Jeans,Yellow,L,Wool,80
Nike,Dress,Blue,XS,Denim,171
Puma,Jacket,Blue,XL,Silk,103
Under Armour,Dress,Blue,L,Cotton,16
Puma,T-shirt,Black,L,Silk,195
Adidas,Shoes,Blue,XL,Cotton,179
Puma,Sweater,Yellow,XXL,Wool,43
Puma,Shoes,Yellow,XL,Wool,184
Under Armour,T-shirt,Black,XXL,Silk,45
Adidas,Dress,Yellow,XL,Silk,21
Reebok,Jeans,Green,XL,Denim,58
Puma,Jeans,Green,XXL,Wool,30
Nike,T-shirt,Red,XS,Polyester,138
Under Armour,Sweater,Red,XS,Wool,114
Adidas,T-shirt,Yellow,S,Cotton,39
New Balance,Dress,Yellow,S,Wool,198
New Balance,Jacket,Green,M,Silk,128
Puma,Sweater,Black,L,Cotton,78
New Balance,T-shirt,Green,XL,Cotton,148
Reebok,Shoes,Blue,XS,Polyester,132
Nike,T-shirt,Green,XL,Nylon,73
Adidas,Jeans,Blue,S,Denim,40
Reebok,Jacket,Black,XL,Wool,97
Adidas,Dress,Red,XS,Denim,46
Under Armour,Shoes,Black,S,Silk,198
New Balance,Sweater,Green,XL,Cotton,125
Adidas,Jacket,Black,XL,Wool,125
Nike,Sweater,Black,M,Polyester,141
Nike,T-shirt,White,M,Polyester,124
New Balance,Jacket,Yellow,S,Cotton,64
Nike,Sweater,Yellow,S,Wool,69
Puma,Dress,White,XL,Wool,126
Nike,Dress,Black,XS,Cotton,57
Under Armour,Sweater,Red,XXL,Denim,160
Adidas,T-shirt,Red,M,Nylon,36
Nike,Jeans,Red,XXL,Cotton,179
Adidas,Dress,Black,M,Nylon,114
Puma,T-shirt,Blue,S,Silk,81
Puma,Sweater,White,XXL,Cotton,62
New Balance,Jacket,Black,S,Wool,192
Under Armour,Shoes,Red,XS,Polyester,158
New Balance,Sweater,Red,XL,Nylon,148
Puma,T-shirt,Yellow,M,Cotton,74
Adidas,Jacket,White,M,Cotton,39
Under Armour,Shoes,Blue,M,Nylon,176
Adidas,Jeans,White,L,Polyester,94
Under Armour,Jacket,White,L,Wool,138
Under Armour,Dress,Yellow,S,Wool,54
Puma,Jacket,Blue,XS,Cotton,144
Under Armour,Sweater,Yellow,XXL,Silk,55
Puma,Dress,Blue,XL,Polyester,171
Under Armour,Jeans,Red,L,Denim,170
Nike,Shoes,Black,S,Silk,139
New Balance,T-shirt,Green,XS,Nylon,128
Puma,Jacket,Black,L,Cotton,165
Puma,Jacket,Red,XL,Silk,134
Under Armour,Dress,Yellow,XS,Nylon,168
Adidas,Dress,Black,XS,Denim,119
Adidas,Sweater,Blue,S,Nylon,76
New Balance,Dress,White,XS,Nylon,182
New Balance,Jeans,Yellow,XS,Silk,93
New Balance,Jeans,Yellow,XL,Denim,117
Puma,Shoes,Yellow,S,Nylon,183
Puma,Jeans,Yellow,XL,Wool,167
Reebok,Jacket,White,XXL,Silk,48
Adidas,Sweater,White,XL,Denim,86
Under Armour,Sweater,Red,XXL,Denim,187
Under Armour,Dress,Red,S,Nylon,190
Adidas,Sweater,Blue,XXL,Wool,108
Reebok,Dress,Red,M,Cotton,80
Reebok,Jeans,Yellow,XL,Silk,154
Puma,Shoes,Red,S,Polyester,155
Nike,T-shirt,Red,L,Wool,90
Under Armour,Jacket,White,XXL,Silk,196
Adidas,Dress,Yellow,XL,Denim,116
Adidas,Jeans,Yellow,S,Silk,119
New Balance,Jacket,Red,S,Cotton,191
Under Armour,Jacket,Blue,XS,Silk,72
Under Armour,Jeans,Blue,XXL,Denim,184
Nike,Shoes,Blue,S,Cotton,124
Puma,Sweater,Yellow,XXL,Wool,158
Reebok,T-shirt,White,XL,Silk,111
Puma,T-shirt,Red,XL,Nylon,34
Puma,Shoes,Yellow,S,Nylon,196
Reebok,Shoes,Blue,XS,Denim,61
Reebok,Jeans,Red,XL,Denim,161
New Balance,Shoes,Green,L,Cotton,151
Reebok,Shoes,Blue,M,Denim,51
Reebok,Sweater,Green,XL,Cotton,93
Nike,Sweater,Yellow,XS,Silk,23
Adidas,T-shirt,Red,XS,Denim,109
Adidas,Jacket,Yellow,L,Nylon,38
Reebok,T-shirt,Green,S,Polyester,127
New Balance,Shoes,White,XS,Polyester,68
Puma,T-shirt,Blue,XXL,Polyester,148
Reebok,Jeans,Red,XXL,Silk,105
Nike,Shoes,White,XXL,Nylon,184
Adidas,Jeans,Black,XXL,Nylon,53
Reebok,Dress,Green,XL,Wool,77
Puma,Jacket,Red,XXL,Polyester,31
New Balance,Jeans,Blue,XS,Silk,118
Under Armour,Jacket,Yellow,XL,Wool,28
New Balance,T-shirt,Yellow,XL,Wool,152
Reebok,Dress,Green,XXL,Silk,100
Adidas,Dress,White,L,Silk,124
Nike,Jacket,Red,M,Nylon,61
Adidas,T-shirt,White,S,Polyester,90
Nike,T-shirt,Green,S,Cotton,119
Under Armour,Jacket,Green,XL,Silk,12
Under Armour,Jacket,White,S,Cotton,77
Adidas,Sweater,Red,L,Denim,111
Puma,Sweater,Yellow,XXL,Denim,38
Under Armour,T-shirt,Green,L,Silk,60
Nike,Jacket,Green,M,Silk,12
Adidas,Jeans,Red,M,Polyester,162
Nike,Sweater,White,XXL,Denim,162
Adidas,Shoes,White,S,Nylon,161
Reebok,Sweater,White,XS,Silk,128
Nike,Sweater,Blue,XXL,Wool,103
Adidas,T-shirt,Black,XXL,Nylon,176
Adidas,Jacket,Blue,XXL,Wool,115
Nike,Jacket,Red,M,Nylon,116
Adidas,T-shirt,Black,XL,Nylon,129
Adidas,Shoes,Black,XS,Silk,177
Reebok,Sweater,Blue,XS,Denim,127
Puma,Jacket,Black,L,Denim,125
Under Armour,Jacket,Red,S,Cotton,53
Reebok,Sweater,Red,S,Polyester,36
New Balance,Sweater,Green,XS,Cotton,189
Adidas,Shoes,White,XXL,Polyester,13
Adidas,T-shirt,White,XXL,Cotton,167
New Balance,T-shirt,Black,XXL,Nylon,18
Puma,Shoes,Yellow,XS,Silk,101
Puma,Jeans,Green,M,Nylon,143
Under Armour,Shoes,Black,XL,Silk,145
Nike,Sweater,Black,M,Nylon,94
Puma,T-shirt,Red,XL,Silk,78
New Balance,Shoes,Blue,S,Cotton,144
Nike,Jacket,Blue,XXL,Polyester,54
New Balance,Dress,White,XXL,Polyester,86
Adidas,Sweater,Green,XL,Cotton,86
Adidas,Jeans,Black,S,Nylon,187
Under Armour,Shoes,Green,M,Denim,28
Nike,T-shirt,Red,XL,Polyester,93
Reebok,Jacket,Blue,XXL,Polyester,147
Adidas,Jeans,Yellow,XL,Denim,175
Under Armour,Jacket,Blue,XS,Polyester,17
Reebok,Jeans,Yellow,XS,Wool,150
Reebok,Shoes,Black,M,Silk,128
New Balance,Jacket,Black,XL,Polyester,107
New Balance,Jacket,Red,XL,Silk,15
New Balance,Shoes,Blue,S,Silk,137
Under Armour,Jacket,Yellow,XXL,Cotton,11
Under Armour,Dress,White,XS,Wool,87
New Balance,Shoes,Black,S,Wool,44
Reebok,Sweater,Yellow,XS,Polyester,46
Puma,Sweater,White,XL,Polyester,78
Reebok,Jeans,Green,S,Silk,35
Adidas,Dress,White,XXL,Denim,136
Reebok,Jeans,Green,XS,Polyester,139
Under Armour,Jacket,White,S,Nylon,68
Adidas,Jeans,Black,XXL,Cotton,85
Under Armour,Shoes,Yellow,M,Silk,10
Puma,Sweater,Yellow,M,Silk,126
New Balance,Shoes,White,S,Nylon,75
Nike,Jeans,White,XS,Cotton,199
Under Armour,Sweater,White,XXL,Nylon,61
New Balance,T-shirt,Red,S,Wool,122
Puma,T-shirt,Black,M,Cotton,143
New Balance,T-shirt,Yellow,S,Silk,67
Nike,Sweater,White,M,Cotton,104
Reebok,Jeans,Red,S,Cotton,133
New Balance,Jacket,Black,L,Nylon,106
Reebok,Dress,Green,L,Cotton,180
New Balance,Sweater,Black,M,Silk,142
Nike,Jeans,Black,XS,Silk,168
Under Armour,Jeans,Yellow,L,Silk,10
Adidas,T-shirt,Blue,L,Wool,97
Puma,Sweater,Green,M,Cotton,117
Under Armour,Shoes,Yellow,M,Wool,51
Reebok,Sweater,Blue,XL,Denim,119
Reebok,Dress,Red,S,Silk,58
Under Armour,Sweater,White,S,Cotton,141
New Balance,Jeans,Yellow,XXL,Cotton,183
Puma,Sweater,Red,XS,Cotton,146
Under Armour,Jeans,Yellow,XL,Cotton,109
Adidas,T-shirt,Black,M,Nylon,159
Nike,Jeans,Green,S,Polyester,88
Puma,Jeans,White,XXL,Nylon,97
Puma,Jeans,Blue,S,Polyester,65
Under Armour,Sweater,Black,XL,Wool,188
Reebok,Jeans,Black,XL,Polyester,137
Reebok,Dress,White,XS,Wool,18
Under Armour,Dress,Red,XL,Polyester,159
New Balance,Jeans,Black,XXL,Silk,52
New Balance,Jacket,White,M,Cotton,80
Puma,Shoes,Blue,S,Nylon,151
Reebok,Shoes,White,XXL,Wool,139
Under Armour,Sweater,Blue,XS,Cotton,158
Nike,Jacket,White,XL,Nylon,146
Under Armour,Jacket,Black,L,Wool,97
Under Armour,Shoes,Blue,XXL,Wool,191
New Balance,Dress,Black,M,Polyester,178
Nike,Dress,White,L,Nylon,171
Reebok,Dress,Green,M,Nylon,75
New Balance,Dress,White,L,Wool,122
Reebok,Dress,Red,L,Denim,95
Puma,Jacket,White,XL,Silk,150
Puma,Jeans,Green,XS,Wool,58
New Balance,Dress,Green,M,Silk,99
New Balance,Shoes,Blue,XL,Silk,124
Adidas,Jacket,Black,XS,Nylon,173
Adidas,Dress,Red,XS,Wool,26
Puma,Shoes,Yellow,M,Wool,82
Reebok,Shoes,Blue,XS,Cotton,178
Puma,Dress,Blue,XXL,Polyester,71
New Balance,Sweater,White,M,Cotton,102
Under Armour,Dress,Red,L,Denim,175
Puma,Jeans,Blue,L,Cotton,105
Nike,Sweater,Red,XXL,Polyester,110
Puma,T-shirt,Yellow,XXL,Polyester,149
Reebok,Sweater,Blue,L,Polyester,96
Reebok,Dress,Yellow,XXL,Polyester,89
Puma,Shoes,Green,S,Nylon,190
Adidas,Jeans,White,XS,Denim,66
